{
  "N_values": [
    4,
    6,
    8,
    10,
    15,
    20,
    30,
    50,
    75,
    100
  ],
  "j_values": [
    0.5,
    1.0,
    1.5,
    2.0
  ],
  "dim": 16,
  "timestamp": "2025-10-13T22:03:09.192681",
  "data": {
    "j_0.5": {
      "j": 0.5,
      "alpha": 2.073407073380848,
      "g0": 5.8224377830426216e-121,
      "g_values": [
        9.499750124630562e-120,
        2.3749375311576395e-119,
        4.4332167248275927e-119,
        7.124812593472916e-119,
        1.662456271810347e-118,
        3.008254206133023e-118,
        6.887318840357138e-118,
        1.9395323171120528e-117,
        4.39363443264185e-117,
        7.837293852821144e-117
      ],
      "enh_values": [
        3.0,
        7.499999999999997,
        13.999999999999991,
        22.499999999999982,
        52.499999999999964,
        95.00000000000037,
        217.4999999999994,
        612.4999999999936,
        1387.500000000068,
        2475.0000000002938
      ],
      "gap_values": [
        1e-15,
        1e-15,
        1e-15,
        1e-15,
        1e-15,
        1e-15,
        1e-15,
        1e-15,
        1e-15,
        1e-15
      ],
      "rms_residual": 0.03734220043960579
    },
    "j_1.0": {
      "j": 1.0,
      "alpha": 2.0734070733808174,
      "g0": 1.5526500754780447e-120,
      "g_values": [
        2.5332666999014826e-119,
        6.333166749753708e-119,
        1.1821911266206925e-118,
        1.8999500249261133e-118,
        4.433216724827591e-118,
        8.022011216354712e-118,
        1.8366183574285615e-117,
        5.172086178965465e-117,
        1.17163584870442e-116,
        2.089945027418694e-116
      ],
      "enh_values": [
        7.999999999999998,
        20.0,
        37.33333333333334,
        60.00000000000003,
        139.99999999999986,
        253.33333333333383,
        579.9999999999957,
        1633.3333333333135,
        3699.99999999995,
        6599.999999999907
      ],
      "gap_values": [
        1e-15,
        1e-15,
        1e-15,
        1e-15,
        1e-15,
        1e-15,
        1e-15,
        1e-15,
        1e-15,
        1e-15
      ],
      "rms_residual": 0.03734220043963728
    },
    "j_1.5": {
      "j": 1.5,
      "alpha": 2.0734070733808094,
      "g0": 2.9112188915216086e-120,
      "g_values": [
        4.74987506231528e-119,
        1.1874687655788196e-118,
        2.2166083624137967e-118,
        3.562406296736462e-118,
        8.312281359051731e-118,
        1.5041271030665096e-117,
        3.443659420178568e-117,
        9.69766158556054e-117,
        2.1968172163208714e-116,
        3.9186469264097205e-116
      ],
      "enh_values": [
        14.999999999999998,
        37.49999999999998,
        69.99999999999997,
        112.50000000000004,
        262.49999999999966,
        475.00000000000125,
        1087.4999999999968,
        3062.5000000000555,
        6937.500000000171,
        12374.99999999878
      ],
      "gap_values": [
        1e-15,
        1e-15,
        1e-15,
        1e-15,
        1e-15,
        1e-15,
        1e-15,
        1e-15,
        1e-15,
        1e-15
      ],
      "rms_residual": 0.03734220043961729
    },
    "j_2.0": {
      "j": 2.0,
      "alpha": 2.073407073380844,
      "g0": 4.6579502264338585e-120,
      "g_values": [
        7.599800099704449e-119,
        1.8999500249261116e-118,
        3.546573379862074e-118,
        5.699850074778333e-118,
        1.3299650174482777e-117,
        2.4066033649064185e-117,
        5.5098550722857106e-117,
        1.5516258536896422e-116,
        3.51490754611348e-116,
        6.269835082256915e-116
      ],
      "enh_values": [
        24.0,
        59.99999999999998,
        111.99999999999993,
        179.99999999999986,
        419.9999999999997,
        760.000000000003,
        1739.9999999999952,
        4899.999999999949,
        11100.000000000544,
        19800.00000000235
      ],
      "gap_values": [
        1e-15,
        1e-15,
        1e-15,
        1e-15,
        1e-15,
        1e-15,
        1e-15,
        1e-15,
        1e-15,
        1e-15
      ],
      "rms_residual": 0.03734220043960846
    }
  }
}