{
  "configuration": {
    "n_samples": 500,
    "bounds": "conservative",
    "model": "conservative",
    "seed": 42
  },
  "statistics": {
    "n_valid": 500,
    "n_excluded": 0,
    "exclusion_fraction": 0.0
  },
  "g_eff_J": {
    "median": 1.2893342860715926e-30,
    "mean": 1.1994022265196459e-23,
    "std": 1.7817844826831043e-22,
    "min": 1.081939643713254e-40,
    "max": 3.451337124887462e-21,
    "percentile_2.5": 1.4518044908369659e-36,
    "percentile_16": 4.222891765590455e-34,
    "percentile_50": 1.2893342860715926e-30,
    "percentile_84": 4.744502845645254e-27,
    "percentile_97.5": 6.496111255502797e-24,
    "CI_68": [
      4.222891765590455e-34,
      4.744502845645254e-27
    ],
    "CI_95": [
      1.4518044908369659e-36,
      6.496111255502797e-24
    ]
  },
  "kappa_eff": {
    "median": 6.5914134782371934e-40,
    "CI_68": [
      2.1588525180431138e-43,
      2.4255137199216894e-36
    ],
    "CI_95": [
      7.422003581262635e-46,
      3.320981668463278e-33
    ]
  },
  "threshold_analysis": {
    "threshold_J": 1e-50,
    "fraction_above": 1.0,
    "median_vs_threshold": 1.2893342860715926e+20,
    "CI_95_lower_vs_threshold": 145180449083696.6
  },
  "dynamic_range_orders": 19.503784348816954
}